,AP,BLESS,Battig,ESSLI_1a,ESSLI_2b,ESSLI_2c,MEN,MTurk,RG65,RW,SimLex999,TR9856,WS353,WS353R,WS353S,Google,MSR,SemEval2012_2
0,0.2885572139303483,0.37,0.14337602752819728,0.6363636363636364,0.7000000000000001,0.6,0.07585278379668753,0.06164192671468393,0.09435018763867462,0.13538693553120637,0.2212893758226508,0.10499905138260063,0.3190339163121345,0.19478885572856097,0.3242770829818554,0.17488743348342203,0.28975,0.14943874406202412
